<?xml version="1.0" encoding="UTF-8"?>
<con:restMockAction id="3436b671-55f7-47d8-85d7-0ccdca7da492" method="GET" name="buy" resourcePath="/buy" xmlns:con="http://eviware.com/soapui/config">
  <con:settings>
    <con:setting id="ac8250b4-a453-4acb-ace2-9cb35ecec996fileName">buy</con:setting>
    <con:setting id="3436b671-55f7-47d8-85d7-0ccdca7da492fileName">buy</con:setting>
  </con:settings>
  <con:defaultResponse>Item 1 Response</con:defaultResponse>
  <con:dispatchStyle>SCRIPT</con:dispatchStyle>
  <con:dispatchConfig/>
  <con:dispatchPath>def queryString = mockRequest.getRequest().getQueryString()

String[] fields = queryString.split("&amp;");
String[] kv;

HashMap&lt;String, String> params = new HashMap&lt;String, String>()
for (int i = 0; i &lt; fields.length; ++i){
    kv = fields[i].split("=");
    if (2 == kv.length)
     params.put(kv[0], kv[1]); 
}

def buystring = URLDecoder.decode(params.get("buystring"), "UTF-8")

if (buystring == "all") 
 return "WildCard Response"
else if (buystring == "Item 1") 
 return "Item 1 Response"
else if (buystring == "Item 2") 
 return "Item 2 Response"
else if (buystring == "Item 3") 
 return "Item 3 Response"
else if (buystring == "Item 4") 
 return "Item 3 Response"
else if (buystring == "Item 5") 
 return "Item 5 Response"
else
return "Unknown Response" 
	


return "Search Response"</con:dispatchPath>
  <con:dispatchXPath/>
  <con:parameterDispatcherRuleContainer/>
  <con:routeScript/>
  <con:response compressedBodyContent="aced00057372002f636f6d2e657669776172652e736f617075692e696d706c2e737570706f72742e436f6d7072657373656456616c7565000b8b02c748eeab0200025a000a636f6d707265737365645b0004646174617400025b4278700070" dataSource="" httpResponseStatus="200" id="435743a0-66d5-4e45-ad96-9ac0667ab133" mediaType="application/json" name="Item 1 Response">
    <con:settings/>
    <con:responseContent>{
  "purchasestatus": {
    "id": "Item 1",
    "stockStatus": "1 unit",
    "expectedDelivery": "2000 years from now"
  }
}</con:responseContent>
  </con:response>
  <con:response compressedBodyContent="aced00057372002f636f6d2e657669776172652e736f617075692e696d706c2e737570706f72742e436f6d7072657373656456616c7565000b8b02c748eeab0200025a000a636f6d707265737365645b0004646174617400025b4278700070" dataSource="" httpResponseStatus="200" id="e5a82d91-8f5f-456f-9a0b-c12726357724" mediaType="application/json" name="Item 2 Response">
    <con:settings/>
    <con:responseContent>{
  "purchasestatus": {
    "id": "Item 2",
    "stockStatus": "10 000 boxes",
    "expectedDelivery": "1 week"
  }
}</con:responseContent>
  </con:response>
  <con:response compressedBodyContent="aced00057372002f636f6d2e657669776172652e736f617075692e696d706c2e737570706f72742e436f6d7072657373656456616c7565000b8b02c748eeab0200025a000a636f6d707265737365645b0004646174617400025b4278700070" dataSource="" httpResponseStatus="200" id="e4b5414a-58fc-4d37-84e8-9fe3b3fc0274" mediaType="application/json" name="Item 3 Response">
    <con:settings/>
    <con:responseContent>{
  "purchasestatus": {
    "id": "Item 3",
    "stockStatus": "4 towels",
    "expectedDelivery": "Any day now..."
  }
}</con:responseContent>
  </con:response>
  <con:response compressedBodyContent="aced00057372002f636f6d2e657669776172652e736f617075692e696d706c2e737570706f72742e436f6d7072657373656456616c7565000b8b02c748eeab0200025a000a636f6d707265737365645b0004646174617400025b4278700070" dataSource="" httpResponseStatus="200" id="c3204592-f25f-4b75-a3db-7d5b5aa31ee9" mediaType="application/json" name="Item 4 Response">
    <con:settings/>
    <con:responseContent>{
  "purchasestatus": {
    "id": "Item 4",
    "stockStatus": "1 unit",
    "expectedDelivery": "In the near future."
  }
}</con:responseContent>
  </con:response>
  <con:response compressedBodyContent="aced00057372002f636f6d2e657669776172652e736f617075692e696d706c2e737570706f72742e436f6d7072657373656456616c7565000b8b02c748eeab0200025a000a636f6d707265737365645b0004646174617400025b4278700070" dataSource="" httpResponseStatus="200" id="e6f6a74b-589b-497d-b47e-56de6f73084c" mediaType="application/json" name="Item 5 Response">
    <con:settings/>
    <con:responseContent>{
  "purchasestatus": {
    "id": "Item 5",
    "stockStatus": "1 license",
    "expectedDelivery": "You should already have it."
  }
}</con:responseContent>
  </con:response>
  <con:response compressedBodyContent="aced00057372002f636f6d2e657669776172652e736f617075692e696d706c2e737570706f72742e436f6d7072657373656456616c7565000b8b02c748eeab0200025a000a636f6d707265737365645b0004646174617400025b4278700070" dataSource="" httpResponseStatus="401" id="8c79d713-f6ca-4aa2-bf80-a33114c1dde4" name="Invalid Session Id Fault">
    <con:settings/>
    <con:responseContent>{ "Client" : "Invalid Session Id" }</con:responseContent>
  </con:response>
  <con:response dataSource="" httpResponseStatus="501" id="42d0f377-fb53-4440-a1aa-996930e1c9b4" mediaType="application/json" name="Unknown Response">
    <con:settings/>
    <con:responseContent/>
  </con:response>
  <con:response compressedBodyContent="aced00057372002f636f6d2e657669776172652e736f617075692e696d706c2e737570706f72742e436f6d7072657373656456616c7565000b8b02c748eeab0200025a000a636f6d707265737365645b0004646174617400025b4278700070" dataSource="" httpResponseStatus="200" id="6c2cb4e5-d8ba-4336-9f0a-13e4049bb490" mediaType="application/json" name="WildCard Response">
    <con:settings/>
    <con:responseContent>{
  "result": {
    "item": [
      {
        "id": "1",
        "description": "One handy protocol droid.",
        "price": "1"
      },
      {
        "id": "2",
        "description": "Item nr 2",
        "price": "2"
      },
      {
        "id": "3",
        "description": "Item nr 3",
        "price": "3"
      },
      {
        "id": "4",
        "description": "${item4description}",
        "price": "4"
      },
      {
        "id": "5",
        "description": "Item nr 5",
        "price": "5"
      }
    ]
  }
}</con:responseContent>
  </con:response>
</con:restMockAction>
