<?xml version="1.0" encoding="UTF-8"?>
<con:restMockAction id="ba0ae3d7-77bf-4ad5-92f4-dd83b27ae460" method="GET" name="login" resourcePath="/login" xmlns:con="http://eviware.com/soapui/config">
  <con:settings>
    <con:setting id="82d0d51b-1cc5-4a16-835e-f1da0547efbdfileName">login</con:setting>
    <con:setting id="ba0ae3d7-77bf-4ad5-92f4-dd83b27ae460fileName">login1</con:setting>
  </con:settings>
  <con:defaultResponse>OK Response</con:defaultResponse>
  <con:dispatchStyle>SCRIPT</con:dispatchStyle>
  <con:dispatchConfig/>
  <con:dispatchPath>def queryString = mockRequest.getRequest().getQueryString()

String[] fields = queryString.split("&amp;");
String[] kv;

HashMap&lt;String, String> params = new HashMap&lt;String, String>()
for (int i = 0; i &lt; fields.length; ++i){
    kv = fields[i].split("=");
    if (2 == kv.length)
     params.put(kv[0], kv[1]); 
}

def username = params.get("username")
def password = params.get("password")
def sum = username + password

// validate
//if( sum.length() > 25 || sum.length() &lt; 10 || !username.startsWith("Login") || !password.endsWith( "123" ))
// return "Invalid Login Fault"

//if( context.hasProperty( sum ))
// return "Already Logged In Fault"

// seems ok
def sessionid = String.valueOf( Math.random() ).substring( 2 )

context.setProperty( sum, sessionid )
context.setProperty( sessionid, sum )

requestContext.sessionid = sessionid
return "Ok Response"</con:dispatchPath>
  <con:dispatchXPath/>
  <con:parameterDispatcherRuleContainer/>
  <con:routeScript/>
  <con:response compressedBodyContent="aced00057372002f636f6d2e657669776172652e736f617075692e696d706c2e737570706f72742e436f6d7072657373656456616c7565000b8b02c748eeab0200025a000a636f6d707265737365645b0004646174617400025b4278700070" dataSource="" httpResponseStatus="200" id="47988123-1002-4e48-9012-590b8a6942dc" mediaType="application/json" name="OK Response">
    <con:settings/>
    <con:responseContent>{ "sessionid" : "unauth" }</con:responseContent>
  </con:response>
  <con:response compressedBodyContent="aced00057372002f636f6d2e657669776172652e736f617075692e696d706c2e737570706f72742e436f6d7072657373656456616c7565000b8b02c748eeab0200025a000a636f6d707265737365645b0004646174617400025b4278700070" dataSource="" httpResponseStatus="401" id="129ad880-8ce6-432c-9117-689bbec49a5e" mediaType="application/json" name="Invalid Login Fault">
    <con:settings/>
    <con:responseContent>{"Invalid Login" : "The login credentials are invalid&lt;/sam:loginFault" }</con:responseContent>
  </con:response>
  <con:response dataSource="" httpResponseStatus="401" id="f97f41fb-afe8-45ec-8cdb-e99476e4df81" mediaType="application/json" name="Already Logged In Fault">
    <con:settings/>
    <con:responseContent>{ "Already Logged In" : "The specified credentials are already logged in" }</con:responseContent>
  </con:response>
</con:restMockAction>
