<?xml version="1.0" encoding="UTF-8"?>
<con:restMockAction id="4077dc9c-a527-48c0-95c5-60e8836de5f7" method="GET" name="login" resourcePath="/login" xmlns:con="http://eviware.com/soapui/config">
  <con:settings>
    <con:setting id="82d0d51b-1cc5-4a16-835e-f1da0547efbdfileName">login</con:setting>
    <con:setting id="4077dc9c-a527-48c0-95c5-60e8836de5f7fileName">login</con:setting>
  </con:settings>
  <con:defaultResponse>OK Response</con:defaultResponse>
  <con:dispatchStyle>SCRIPT</con:dispatchStyle>
  <con:dispatchConfig/>
  <con:dispatchPath>def queryString = mockRequest.getRequest().getQueryString()

String[] fields = queryString.split("&amp;");
String[] kv;

HashMap&lt;String, String> params = new HashMap&lt;String, String>()
for (int i = 0; i &lt; fields.length; ++i){
    kv = fields[i].split("=");
    if (2 == kv.length)
     params.put(kv[0], kv[1]); 
}

def username = params.get("username")
def password = params.get("password")
def sum = username + password

// validate
//if( sum.length() > 25 || sum.length() &lt; 10 || !username.startsWith("Login") || !password.endsWith( "123" ))
// return "Invalid Login Fault"

//if( context.hasProperty( sum ))
// return "Already Logged In Fault"

// seems ok
def sessionid = String.valueOf( Math.random() ).substring( 2 )

context.setProperty( sum, sessionid )
context.setProperty( sessionid, sum )

requestContext.sessionid = sessionid
return "Ok Response"</con:dispatchPath>
  <con:dispatchXPath/>
  <con:parameterDispatcherRuleContainer/>
  <con:routeScript/>
  <con:response compressedBodyContent="aced00057372002f636f6d2e657669776172652e736f617075692e696d706c2e737570706f72742e436f6d7072657373656456616c7565000b8b02c748eeab0200025a000a636f6d707265737365645b0004646174617400025b4278700070" dataSource="" httpResponseStatus="200" id="161c44cd-4fd1-4ac7-8109-5ea3359c43e8" mediaType="application/json" name="OK Response">
    <con:settings/>
    <con:responseContent>{ "sessionid" : "9774455011923434" }</con:responseContent>
  </con:response>
  <con:response compressedBodyContent="aced00057372002f636f6d2e657669776172652e736f617075692e696d706c2e737570706f72742e436f6d7072657373656456616c7565000b8b02c748eeab0200025a000a636f6d707265737365645b0004646174617400025b4278700070" dataSource="" httpResponseStatus="401" id="de55d3a8-639d-4d19-87f8-6f0d1c4de687" mediaType="application/json" name="Invalid Login Fault">
    <con:settings/>
    <con:responseContent>{"Invalid Login" : "The login credentials are invalid&lt;/sam:loginFault" }</con:responseContent>
  </con:response>
  <con:response dataSource="" httpResponseStatus="401" id="a2f5d1f6-ca6b-45b1-b0ee-89faa0c8d89a" mediaType="application/json" name="Already Logged In Fault">
    <con:settings/>
    <con:responseContent>{ "Already Logged In" : "The specified credentials are already logged in" }</con:responseContent>
  </con:response>
</con:restMockAction>
