<?xml version="1.0" encoding="UTF-8"?>
<con:resource id="75364f33-cf4b-4a2b-b339-32f81cd19471" name="buy" path="/buy" xmlns:xsi="http://www.w3.org/2001/XMLSchema-instance" xmlns:con="http://eviware.com/soapui/config">
  <con:settings>
    <con:setting id="d2e78192-32e5-44ea-b917-4dccd7c6470bfileName">buy</con:setting>
    <con:setting id="75364f33-cf4b-4a2b-b339-32f81cd19471fileName">buy</con:setting>
  </con:settings>
  <con:parameters>
    <con:parameter>
      <con:name>sessionid</con:name>
      <con:value/>
      <con:style>QUERY</con:style>
      <con:default/>
    </con:parameter>
    <con:parameter>
      <con:name>buystring</con:name>
      <con:value/>
      <con:style>QUERY</con:style>
      <con:default/>
    </con:parameter>
  </con:parameters>
  <con:method id="912196f2-5bd1-4263-af0e-9382ebdf8587" method="GET" name="Method 1">
    <con:settings/>
    <con:parameters/>
    <con:representation type="REQUEST">
      <con:mediaType>application/json</con:mediaType>
      <con:params/>
    </con:representation>
    <con:representation type="FAULT">
      <con:mediaType/>
      <con:status>405</con:status>
      <con:params/>
      <con:element>data</con:element>
    </con:representation>
    <con:representation type="RESPONSE">
      <con:mediaType>application/json</con:mediaType>
      <con:status>200</con:status>
      <con:params/>
      <con:element>buy:Response</con:element>
    </con:representation>
    <con:request id="b797c37e-2328-43f9-b0d6-f1d993c8419f" mediaType="application/json" name="Request 1" postQueryString="false">
      <con:settings>
        <con:setting id="com.eviware.soapui.impl.wsdl.WsdlRequest@request-headers">&lt;xml-fragment/></con:setting>
      </con:settings>
      <con:endpoint>http://localhost:8084</con:endpoint>
      <con:request/>
      <con:originalUri>http://localhost/buy</con:originalUri>
      <con:credentials>
        <con:selectedAuthProfile>No Authorization</con:selectedAuthProfile>
        <con:authType>No Authorization</con:authType>
      </con:credentials>
      <con:jmsConfig JMSDeliveryMode="PERSISTENT"/>
      <con:jmsPropertyConfig/>
      <con:parameters>
        <con:entry key="buystring" value="Item 1"/>
      </con:parameters>
      <con:environmentSpec>
        <con:entry environmentId="f27a7295-1f08-4642-a3be-7ae9878517f0">
          <con:authProfile>No Authorization</con:authProfile>
        </con:entry>
        <con:entry environmentId="f27a7295-1f08-4642-a3be-7ae9878517f0">
          <con:authProfile>No Authorization</con:authProfile>
        </con:entry>
        <con:entry environmentId="712e7e53-7afa-4695-8bf2-bc7b9af8c08a">
          <con:authProfile>No Authorization</con:authProfile>
        </con:entry>
        <con:entry environmentId="834e9f34-445a-4d32-b042-ef79046664e3">
          <con:authProfile>Inherit From Parent</con:authProfile>
        </con:entry>
        <con:entry environmentId="19b3aa32-a1f5-474e-bd47-6ecf34074e03">
          <con:authProfile>Inherit From Parent</con:authProfile>
        </con:entry>
        <con:entry environmentId="8adf9beb-0001-459f-b854-d8161046b013">
          <con:authProfile>Inherit From Parent</con:authProfile>
        </con:entry>
        <con:entry environmentId="85fcf76d-cc70-4a0b-a2f6-7b043cf8233a">
          <con:authProfile>Inherit From Parent</con:authProfile>
        </con:entry>
        <con:entry environmentId="aaa8e0b8-c982-402f-aabc-53999ad72736">
          <con:authProfile>Inherit From Parent</con:authProfile>
        </con:entry>
        <con:entry environmentId="613bb63e-dfae-4525-8f53-7cc0745a1be1">
          <con:authProfile>Inherit From Parent</con:authProfile>
        </con:entry>
        <con:entry environmentId="c7173b3a-fee4-45c8-906c-55deaef4eb0d">
          <con:authProfile>Inherit From Parent</con:authProfile>
        </con:entry>
      </con:environmentSpec>
    </con:request>
    <con:environmentSpec>
      <con:entry environmentId="834e9f34-445a-4d32-b042-ef79046664e3">
        <con:authProfile>Inherit From Parent</con:authProfile>
      </con:entry>
      <con:entry environmentId="834e9f34-445a-4d32-b042-ef79046664e3">
        <con:authProfile>Inherit From Parent</con:authProfile>
      </con:entry>
      <con:entry environmentId="19b3aa32-a1f5-474e-bd47-6ecf34074e03">
        <con:authProfile>Inherit From Parent</con:authProfile>
      </con:entry>
      <con:entry environmentId="8adf9beb-0001-459f-b854-d8161046b013">
        <con:authProfile>Inherit From Parent</con:authProfile>
      </con:entry>
      <con:entry environmentId="85fcf76d-cc70-4a0b-a2f6-7b043cf8233a">
        <con:authProfile>Inherit From Parent</con:authProfile>
      </con:entry>
      <con:entry environmentId="aaa8e0b8-c982-402f-aabc-53999ad72736">
        <con:authProfile>Inherit From Parent</con:authProfile>
      </con:entry>
      <con:entry environmentId="613bb63e-dfae-4525-8f53-7cc0745a1be1">
        <con:authProfile>Inherit From Parent</con:authProfile>
      </con:entry>
      <con:entry environmentId="c7173b3a-fee4-45c8-906c-55deaef4eb0d">
        <con:authProfile>Inherit From Parent</con:authProfile>
      </con:entry>
    </con:environmentSpec>
  </con:method>
  <con:environmentSpec>
    <con:entry environmentId="834e9f34-445a-4d32-b042-ef79046664e3">
      <con:authProfile>Inherit From Parent</con:authProfile>
    </con:entry>
    <con:entry environmentId="834e9f34-445a-4d32-b042-ef79046664e3">
      <con:authProfile>Inherit From Parent</con:authProfile>
    </con:entry>
    <con:entry environmentId="19b3aa32-a1f5-474e-bd47-6ecf34074e03">
      <con:authProfile>Inherit From Parent</con:authProfile>
    </con:entry>
    <con:entry environmentId="8adf9beb-0001-459f-b854-d8161046b013">
      <con:authProfile>Inherit From Parent</con:authProfile>
    </con:entry>
    <con:entry environmentId="85fcf76d-cc70-4a0b-a2f6-7b043cf8233a">
      <con:authProfile>Inherit From Parent</con:authProfile>
    </con:entry>
    <con:entry environmentId="aaa8e0b8-c982-402f-aabc-53999ad72736">
      <con:authProfile>Inherit From Parent</con:authProfile>
    </con:entry>
    <con:entry environmentId="613bb63e-dfae-4525-8f53-7cc0745a1be1">
      <con:authProfile>Inherit From Parent</con:authProfile>
    </con:entry>
    <con:entry environmentId="c7173b3a-fee4-45c8-906c-55deaef4eb0d">
      <con:authProfile>Inherit From Parent</con:authProfile>
    </con:entry>
  </con:environmentSpec>
</con:resource>
