<?xml version="1.0" encoding="UTF-8"?>
<con:resource id="ed379f4d-79f8-49ce-af8a-3340334b1790" name="Login" path="/login/" xmlns:xsi="http://www.w3.org/2001/XMLSchema-instance" xmlns:con="http://eviware.com/soapui/config">
  <con:settings>
    <con:setting id="ff930a3e-8923-4842-9db0-3e7356e664f9fileName">Login</con:setting>
    <con:setting id="ed379f4d-79f8-49ce-af8a-3340334b1790fileName">Login</con:setting>
  </con:settings>
  <con:parameters>
    <con:parameter>
      <con:name>username</con:name>
      <con:value/>
      <con:style>QUERY</con:style>
      <con:default/>
      <con:path/>
      <con:description/>
    </con:parameter>
    <con:parameter>
      <con:name>password</con:name>
      <con:value/>
      <con:style>QUERY</con:style>
      <con:default/>
      <con:path/>
      <con:description/>
    </con:parameter>
  </con:parameters>
  <con:method id="8a2a74c2-299c-4af4-9ce4-548941aa6e5d" method="GET" name="Login">
    <con:settings/>
    <con:parameters/>
    <con:representation type="RESPONSE">
      <con:mediaType/>
      <con:status>0</con:status>
      <con:params/>
      <con:element>data</con:element>
    </con:representation>
    <con:representation type="FAULT">
      <con:mediaType/>
      <con:status>500 405</con:status>
      <con:params/>
      <con:element>data</con:element>
    </con:representation>
    <con:representation type="FAULT">
      <con:mediaType/>
      <con:status>500</con:status>
      <con:params/>
      <con:element>data</con:element>
    </con:representation>
    <con:representation type="FAULT">
      <con:mediaType/>
      <con:status>500</con:status>
      <con:params/>
      <con:element>data</con:element>
    </con:representation>
    <con:representation type="FAULT">
      <con:mediaType/>
      <con:status>500</con:status>
      <con:params/>
      <con:element>data</con:element>
    </con:representation>
    <con:representation type="FAULT">
      <con:mediaType/>
      <con:status>500</con:status>
      <con:params/>
      <con:element>data</con:element>
    </con:representation>
    <con:representation type="FAULT">
      <con:mediaType/>
      <con:status>500</con:status>
      <con:params/>
      <con:element>data</con:element>
    </con:representation>
    <con:representation type="FAULT">
      <con:mediaType/>
      <con:status>500</con:status>
      <con:params/>
      <con:element>data</con:element>
    </con:representation>
    <con:representation type="FAULT">
      <con:mediaType/>
      <con:status>500</con:status>
      <con:params/>
      <con:element>data</con:element>
    </con:representation>
    <con:representation type="FAULT">
      <con:mediaType/>
      <con:status>500</con:status>
      <con:params/>
      <con:element>data</con:element>
    </con:representation>
    <con:representation type="FAULT">
      <con:mediaType/>
      <con:status>500</con:status>
      <con:params/>
      <con:element>data</con:element>
    </con:representation>
    <con:representation type="FAULT">
      <con:mediaType/>
      <con:status>500</con:status>
      <con:params/>
      <con:element>data</con:element>
    </con:representation>
    <con:representation type="FAULT">
      <con:mediaType/>
      <con:status>500</con:status>
      <con:params/>
      <con:element>data</con:element>
    </con:representation>
    <con:representation type="FAULT">
      <con:mediaType/>
      <con:status>500</con:status>
      <con:params/>
      <con:element>data</con:element>
    </con:representation>
    <con:representation type="FAULT">
      <con:mediaType/>
      <con:status>500</con:status>
      <con:params/>
      <con:element>data</con:element>
    </con:representation>
    <con:representation type="FAULT">
      <con:mediaType/>
      <con:status>500</con:status>
      <con:params/>
      <con:element>data</con:element>
    </con:representation>
    <con:representation type="FAULT">
      <con:mediaType/>
      <con:status>500</con:status>
      <con:params/>
      <con:element>data</con:element>
    </con:representation>
    <con:representation type="FAULT">
      <con:mediaType/>
      <con:status>500</con:status>
      <con:params/>
      <con:element>data</con:element>
    </con:representation>
    <con:representation type="FAULT">
      <con:mediaType>application/json</con:mediaType>
      <con:status>401</con:status>
      <con:params/>
      <con:element>log:Fault</con:element>
    </con:representation>
    <con:representation type="RESPONSE">
      <con:mediaType>application/json</con:mediaType>
      <con:status>200</con:status>
      <con:params/>
      <con:element>log:Response</con:element>
    </con:representation>
    <con:representation type="RESPONSE">
      <con:mediaType/>
      <con:status>0</con:status>
      <con:params/>
      <con:element>data</con:element>
    </con:representation>
    <con:representation type="RESPONSE">
      <con:mediaType/>
      <con:status>0</con:status>
      <con:params/>
      <con:element>data</con:element>
    </con:representation>
    <con:representation type="RESPONSE">
      <con:mediaType/>
      <con:status>0</con:status>
      <con:params/>
      <con:element>data</con:element>
    </con:representation>
    <con:representation type="FAULT">
      <con:mediaType/>
      <con:status>404</con:status>
      <con:params/>
      <con:element>data</con:element>
    </con:representation>
    <con:representation type="FAULT">
      <con:mediaType/>
      <con:status>404</con:status>
      <con:params/>
      <con:element>data</con:element>
    </con:representation>
    <con:representation type="FAULT">
      <con:mediaType/>
      <con:status>405</con:status>
      <con:params/>
      <con:element>data</con:element>
    </con:representation>
    <con:representation type="REQUEST">
      <con:mediaType>application/json</con:mediaType>
      <con:params/>
    </con:representation>
    <con:representation type="RESPONSE">
      <con:mediaType/>
      <con:status>0</con:status>
      <con:params/>
      <con:element>data</con:element>
    </con:representation>
    <con:representation type="RESPONSE">
      <con:mediaType/>
      <con:status>0</con:status>
      <con:params/>
      <con:element>data</con:element>
    </con:representation>
    <con:request id="af9f46ad-d5ad-4c3c-bcde-e2f266c3dc2c" mediaType="application/json" name="Request 1" postQueryString="false">
      <con:settings>
        <con:setting id="com.eviware.soapui.impl.wsdl.WsdlRequest@request-headers">&lt;entry key="Accept" value="application/json" xmlns="http://eviware.com/soapui/config"/></con:setting>
      </con:settings>
      <con:endpoint>http://localhost:8084</con:endpoint>
      <con:request>{"sample" : "1 "}</con:request>
      <con:originalUri>http://localhost/login</con:originalUri>
      <con:credentials>
        <con:selectedAuthProfile>No Authorization</con:selectedAuthProfile>
        <con:authType>No Authorization</con:authType>
      </con:credentials>
      <con:jmsConfig JMSDeliveryMode="PERSISTENT"/>
      <con:jmsPropertyConfig/>
      <con:parameters>
        <con:entry key="password" value="Login123"/>
        <con:entry key="username" value="Login"/>
      </con:parameters>
      <con:parameterOrder>
        <con:entry>username</con:entry>
        <con:entry>password</con:entry>
      </con:parameterOrder>
      <con:environmentSpec>
        <con:entry environmentId="f27a7295-1f08-4642-a3be-7ae9878517f0">
          <con:authProfile>No Authorization</con:authProfile>
        </con:entry>
        <con:entry environmentId="f27a7295-1f08-4642-a3be-7ae9878517f0">
          <con:authProfile>No Authorization</con:authProfile>
        </con:entry>
        <con:entry environmentId="712e7e53-7afa-4695-8bf2-bc7b9af8c08a">
          <con:authProfile>No Authorization</con:authProfile>
        </con:entry>
        <con:entry environmentId="834e9f34-445a-4d32-b042-ef79046664e3">
          <con:authProfile>Inherit From Parent</con:authProfile>
        </con:entry>
        <con:entry environmentId="19b3aa32-a1f5-474e-bd47-6ecf34074e03">
          <con:authProfile>Inherit From Parent</con:authProfile>
        </con:entry>
        <con:entry environmentId="8adf9beb-0001-459f-b854-d8161046b013">
          <con:authProfile>Inherit From Parent</con:authProfile>
        </con:entry>
        <con:entry environmentId="85fcf76d-cc70-4a0b-a2f6-7b043cf8233a">
          <con:authProfile>Inherit From Parent</con:authProfile>
        </con:entry>
        <con:entry environmentId="aaa8e0b8-c982-402f-aabc-53999ad72736">
          <con:authProfile>Inherit From Parent</con:authProfile>
        </con:entry>
        <con:entry environmentId="613bb63e-dfae-4525-8f53-7cc0745a1be1">
          <con:authProfile>Inherit From Parent</con:authProfile>
        </con:entry>
        <con:entry environmentId="c7173b3a-fee4-45c8-906c-55deaef4eb0d">
          <con:authProfile>Inherit From Parent</con:authProfile>
        </con:entry>
      </con:environmentSpec>
    </con:request>
    <con:environmentSpec>
      <con:entry environmentId="834e9f34-445a-4d32-b042-ef79046664e3">
        <con:authProfile>Inherit From Parent</con:authProfile>
      </con:entry>
      <con:entry environmentId="834e9f34-445a-4d32-b042-ef79046664e3">
        <con:authProfile>Inherit From Parent</con:authProfile>
      </con:entry>
      <con:entry environmentId="19b3aa32-a1f5-474e-bd47-6ecf34074e03">
        <con:authProfile>Inherit From Parent</con:authProfile>
      </con:entry>
      <con:entry environmentId="8adf9beb-0001-459f-b854-d8161046b013">
        <con:authProfile>Inherit From Parent</con:authProfile>
      </con:entry>
      <con:entry environmentId="85fcf76d-cc70-4a0b-a2f6-7b043cf8233a">
        <con:authProfile>Inherit From Parent</con:authProfile>
      </con:entry>
      <con:entry environmentId="aaa8e0b8-c982-402f-aabc-53999ad72736">
        <con:authProfile>Inherit From Parent</con:authProfile>
      </con:entry>
      <con:entry environmentId="613bb63e-dfae-4525-8f53-7cc0745a1be1">
        <con:authProfile>Inherit From Parent</con:authProfile>
      </con:entry>
      <con:entry environmentId="c7173b3a-fee4-45c8-906c-55deaef4eb0d">
        <con:authProfile>Inherit From Parent</con:authProfile>
      </con:entry>
    </con:environmentSpec>
  </con:method>
  <con:environmentSpec>
    <con:entry environmentId="834e9f34-445a-4d32-b042-ef79046664e3">
      <con:authProfile>Inherit From Parent</con:authProfile>
    </con:entry>
    <con:entry environmentId="834e9f34-445a-4d32-b042-ef79046664e3">
      <con:authProfile>Inherit From Parent</con:authProfile>
    </con:entry>
    <con:entry environmentId="19b3aa32-a1f5-474e-bd47-6ecf34074e03">
      <con:authProfile>Inherit From Parent</con:authProfile>
    </con:entry>
    <con:entry environmentId="8adf9beb-0001-459f-b854-d8161046b013">
      <con:authProfile>Inherit From Parent</con:authProfile>
    </con:entry>
    <con:entry environmentId="85fcf76d-cc70-4a0b-a2f6-7b043cf8233a">
      <con:authProfile>Inherit From Parent</con:authProfile>
    </con:entry>
    <con:entry environmentId="aaa8e0b8-c982-402f-aabc-53999ad72736">
      <con:authProfile>Inherit From Parent</con:authProfile>
    </con:entry>
    <con:entry environmentId="613bb63e-dfae-4525-8f53-7cc0745a1be1">
      <con:authProfile>Inherit From Parent</con:authProfile>
    </con:entry>
    <con:entry environmentId="c7173b3a-fee4-45c8-906c-55deaef4eb0d">
      <con:authProfile>Inherit From Parent</con:authProfile>
    </con:entry>
  </con:environmentSpec>
</con:resource>
