<?xml version="1.0" encoding="UTF-8"?>
<con:resource id="31c45939-b06e-4b4c-a54f-d82acdc0f5c4" name="logout" path="/logout" xmlns:xsi="http://www.w3.org/2001/XMLSchema-instance" xmlns:con="http://eviware.com/soapui/config">
  <con:settings>
    <con:setting id="52f3bdd1-87fc-4ac1-b036-a674cf307ba7fileName">logout</con:setting>
    <con:setting id="31c45939-b06e-4b4c-a54f-d82acdc0f5c4fileName">logout</con:setting>
  </con:settings>
  <con:parameters>
    <con:parameter>
      <con:name>sessionid</con:name>
      <con:value/>
      <con:style>QUERY</con:style>
      <con:default/>
      <con:description/>
    </con:parameter>
  </con:parameters>
  <con:method id="4e53d82e-1d34-4ed3-995c-9238b982eda7" method="GET" name="Method 1">
    <con:settings/>
    <con:parameters/>
    <con:representation type="FAULT">
      <con:mediaType/>
      <con:status>500</con:status>
      <con:params/>
      <con:element>data</con:element>
    </con:representation>
    <con:representation type="FAULT">
      <con:mediaType/>
      <con:status>500</con:status>
      <con:params/>
      <con:element>data</con:element>
    </con:representation>
    <con:representation type="FAULT">
      <con:mediaType/>
      <con:status>500</con:status>
      <con:params/>
      <con:element>data</con:element>
    </con:representation>
    <con:representation type="FAULT">
      <con:mediaType/>
      <con:status>500</con:status>
      <con:params/>
      <con:element>data</con:element>
    </con:representation>
    <con:representation type="FAULT">
      <con:mediaType>application/xml</con:mediaType>
      <con:status>404</con:status>
      <con:params/>
    </con:representation>
    <con:representation type="RESPONSE">
      <con:mediaType>application/json</con:mediaType>
      <con:status>200</con:status>
      <con:params/>
      <con:element>log:Response</con:element>
    </con:representation>
    <con:representation type="FAULT">
      <con:mediaType>application/json</con:mediaType>
      <con:status>404</con:status>
      <con:params/>
      <con:element>log:Fault</con:element>
    </con:representation>
    <con:representation type="RESPONSE">
      <con:mediaType/>
      <con:status>0</con:status>
      <con:params/>
      <con:element>data</con:element>
    </con:representation>
    <con:request id="05080aa5-8817-44ff-ad88-cf8aec040aef" mediaType="application/json" name="Request 1">
      <con:settings>
        <con:setting id="com.eviware.soapui.impl.wsdl.WsdlRequest@request-headers">&lt;entry key="Accept" value="application/json" xmlns="http://eviware.com/soapui/config"/></con:setting>
      </con:settings>
      <con:endpoint>http://localhost:8084</con:endpoint>
      <con:request/>
      <con:originalUri>http://localhost/logout</con:originalUri>
      <con:credentials>
        <con:selectedAuthProfile>No Authorization</con:selectedAuthProfile>
        <con:authType>No Authorization</con:authType>
      </con:credentials>
      <con:jmsConfig JMSDeliveryMode="PERSISTENT"/>
      <con:parameters/>
      <con:parameterOrder>
        <con:entry>sessionid</con:entry>
      </con:parameterOrder>
      <con:environmentSpec>
        <con:entry environmentId="f27a7295-1f08-4642-a3be-7ae9878517f0">
          <con:authProfile>No Authorization</con:authProfile>
        </con:entry>
        <con:entry environmentId="f27a7295-1f08-4642-a3be-7ae9878517f0">
          <con:authProfile>No Authorization</con:authProfile>
        </con:entry>
        <con:entry environmentId="712e7e53-7afa-4695-8bf2-bc7b9af8c08a">
          <con:authProfile>No Authorization</con:authProfile>
        </con:entry>
        <con:entry environmentId="834e9f34-445a-4d32-b042-ef79046664e3">
          <con:authProfile>Inherit From Parent</con:authProfile>
        </con:entry>
        <con:entry environmentId="19b3aa32-a1f5-474e-bd47-6ecf34074e03">
          <con:authProfile>Inherit From Parent</con:authProfile>
        </con:entry>
        <con:entry environmentId="8adf9beb-0001-459f-b854-d8161046b013">
          <con:authProfile>Inherit From Parent</con:authProfile>
        </con:entry>
        <con:entry environmentId="85fcf76d-cc70-4a0b-a2f6-7b043cf8233a">
          <con:authProfile>Inherit From Parent</con:authProfile>
        </con:entry>
        <con:entry environmentId="aaa8e0b8-c982-402f-aabc-53999ad72736">
          <con:authProfile>Inherit From Parent</con:authProfile>
        </con:entry>
        <con:entry environmentId="613bb63e-dfae-4525-8f53-7cc0745a1be1">
          <con:authProfile>Inherit From Parent</con:authProfile>
        </con:entry>
        <con:entry environmentId="c7173b3a-fee4-45c8-906c-55deaef4eb0d">
          <con:authProfile>Inherit From Parent</con:authProfile>
        </con:entry>
      </con:environmentSpec>
    </con:request>
    <con:environmentSpec>
      <con:entry environmentId="834e9f34-445a-4d32-b042-ef79046664e3">
        <con:authProfile>Inherit From Parent</con:authProfile>
      </con:entry>
      <con:entry environmentId="834e9f34-445a-4d32-b042-ef79046664e3">
        <con:authProfile>Inherit From Parent</con:authProfile>
      </con:entry>
      <con:entry environmentId="19b3aa32-a1f5-474e-bd47-6ecf34074e03">
        <con:authProfile>Inherit From Parent</con:authProfile>
      </con:entry>
      <con:entry environmentId="8adf9beb-0001-459f-b854-d8161046b013">
        <con:authProfile>Inherit From Parent</con:authProfile>
      </con:entry>
      <con:entry environmentId="85fcf76d-cc70-4a0b-a2f6-7b043cf8233a">
        <con:authProfile>Inherit From Parent</con:authProfile>
      </con:entry>
      <con:entry environmentId="aaa8e0b8-c982-402f-aabc-53999ad72736">
        <con:authProfile>Inherit From Parent</con:authProfile>
      </con:entry>
      <con:entry environmentId="613bb63e-dfae-4525-8f53-7cc0745a1be1">
        <con:authProfile>Inherit From Parent</con:authProfile>
      </con:entry>
      <con:entry environmentId="c7173b3a-fee4-45c8-906c-55deaef4eb0d">
        <con:authProfile>Inherit From Parent</con:authProfile>
      </con:entry>
    </con:environmentSpec>
  </con:method>
  <con:environmentSpec>
    <con:entry environmentId="834e9f34-445a-4d32-b042-ef79046664e3">
      <con:authProfile>Inherit From Parent</con:authProfile>
    </con:entry>
    <con:entry environmentId="834e9f34-445a-4d32-b042-ef79046664e3">
      <con:authProfile>Inherit From Parent</con:authProfile>
    </con:entry>
    <con:entry environmentId="19b3aa32-a1f5-474e-bd47-6ecf34074e03">
      <con:authProfile>Inherit From Parent</con:authProfile>
    </con:entry>
    <con:entry environmentId="8adf9beb-0001-459f-b854-d8161046b013">
      <con:authProfile>Inherit From Parent</con:authProfile>
    </con:entry>
    <con:entry environmentId="85fcf76d-cc70-4a0b-a2f6-7b043cf8233a">
      <con:authProfile>Inherit From Parent</con:authProfile>
    </con:entry>
    <con:entry environmentId="aaa8e0b8-c982-402f-aabc-53999ad72736">
      <con:authProfile>Inherit From Parent</con:authProfile>
    </con:entry>
    <con:entry environmentId="613bb63e-dfae-4525-8f53-7cc0745a1be1">
      <con:authProfile>Inherit From Parent</con:authProfile>
    </con:entry>
    <con:entry environmentId="c7173b3a-fee4-45c8-906c-55deaef4eb0d">
      <con:authProfile>Inherit From Parent</con:authProfile>
    </con:entry>
  </con:environmentSpec>
</con:resource>
